[
null,
{"id":1,"list":[{"code":231,"indent":0,"parameters":[1,"recipe",0,0,85,65,60,60,255,0]},{"code":112,"indent":0,"parameters":[]},{"code":102,"indent":1,"parameters":[["Go Back"],1,0,2,0]},{"code":402,"indent":1,"parameters":[0,"Go Back"]},{"code":235,"indent":2,"parameters":[1]},{"code":113,"indent":2,"parameters":[]},{"code":0,"indent":2,"parameters":[]},{"code":404,"indent":1,"parameters":[]},{"code":0,"indent":1,"parameters":[]},{"code":413,"indent":0,"parameters":[]},{"code":0,"indent":0,"parameters":[]}],"name":"Show Recipe","switchId":1,"trigger":0},
{"id":2,"list":[{"code":0,"indent":0,"parameters":[]}],"name":"","switchId":1,"trigger":0},
{"id":3,"list":[{"code":0,"indent":0,"parameters":[]}],"name":"","switchId":1,"trigger":0},
{"id":4,"list":[{"code":0,"indent":0,"parameters":[]}],"name":"","switchId":1,"trigger":0}
]